Error,Steps,Time,Base,Parameters,"Best Solve","Precision Simple AVG","Recall Simple AVG","F-Measure Simple Avg","Precision Weighted AVG","Recall Weighted AVG","F-Measure Weighted Avg","Precision Recall F-Measure by Class"
0.0046,4.2000,60.1358,"./resources/datasets/Car.arff","weka.classifiers.meta.PBIL_Auto_Ens_V2 -N 50 -U 25 -L 0.5 -I 500 -T 60 -R 1 -S 0 -M 300 -cv 10","weka.classifiers.functions.MultilayerPerceptron -L 0.6000000238418579 -M 0.6000000238418579 -N 500 -V 0 -S 229 -E 20 -H i", 0.9827838960845497, 0.9924596934166312, 0.9875580638092067, 0.995771919012584, 0.9953475070251386, 0.995559551081113, 0.9991769547325102, 0.9948717948717949, 0.9370868347338936, 1.0, 0.9983471074380166, 0.9868762816131238, 1.0, 0.9846153846153847, 0.9987594715160828, 0.9907067598908206, 0.9663412021587773, 0.992
0.0133,1.4000,60.1557,"./resources/datasets/Car.arff","weka.classifiers.meta.PBIL_Auto_Ens_V2 -N 50 -U 25 -L 0.5 -I 500 -T 60 -R 1 -S 1 -M 300 -cv 10","weka.classifiers.functions.MultilayerPerceptron -L 0.6000000238418579 -M 0.6000000238418579 -N 500 -V 0 -S 229 -E 20 -H i", 0.961584006206782, 0.9729957243713224, 0.966993144952698, 0.987611749151724, 0.986723556049214, 0.9871670313319483, 0.9975101723170647, 0.9743814080656186, 0.9011111111111111, 0.9733333333333334, 0.9942148760330578, 0.9713943950786057, 0.9571428571428571, 0.9692307692307693, 0.9958471039100394, 0.9726786479806929, 0.9231796012663643, 0.9697142857142858
0.2540,3.4000,60.0476,"./resources/datasets/GermanCredit.arff","weka.classifiers.meta.PBIL_Auto_Ens_V2 -N 50 -U 25 -L 0.5 -I 500 -T 60 -R 1 -S 0 -M 300 -cv 10","weka.classifiers.functions.MultilayerPerceptron -L 0.6000000238418579 -M 0.6000000238418579 -N 500 -V 0 -S 229 -E 20 -H i", 0.6944143467153334, 0.6757142857142858, 0.6849000976190818, 0.7364315997023715, 0.7459999999999999, 0.7411744004274899, 0.7994574791829286, 0.5893712142477383, 0.8514285714285714, 0.5000000000000001, 0.8244118525476563, 0.5398480608314598
0.2440,2.6000,60.0861,"./resources/datasets/GermanCredit.arff","weka.classifiers.meta.PBIL_Auto_Ens_V2 -N 50 -U 25 -L 0.5 -I 500 -T 60 -R 1 -S 1 -M 300 -cv 10","weka.classifiers.functions.MultilayerPerceptron -L 0.6000000238418579 -M 0.6000000238418579 -N 500 -V 0 -S 229 -E 20 -H i", 0.7192710045725568, 0.6676190476190476, 0.6919054648163157, 0.7477040544119206, 0.756, 0.7518218485874592, 0.7903536291709666, 0.6481883799741467, 0.8885714285714286, 0.44666666666666666, 0.835594441194407, 0.5196509519401104
